<root>
  <Product>
    <Name>Смартфон XYZ123</Name>
    <Maker>ABC Electronics</Maker>
    <ImportCountry>Україна</ImportCountry>
    <BatchSize>5000</BatchSize>
    <Date>01.06.2024</Date>
  </Product>
  <Product>
    <Name>Ноутбук UltraTech Pro</Name>
    <Maker>Tech Innovators Inc.</Maker>
    <ImportCountry>Польща</ImportCountry>
    <BatchSize>2000</BatchSize>
    <Date>15.02.2024</Date>
  </Product>
  <Product>
    <Name>Телевізор SuperVision 55"</Name>
    <Maker>VisionTech</Maker>
    <ImportCountry>Німеччина</ImportCountry>
    <BatchSize>1500</BatchSize>
    <Date>20.06.2024</Date>
  </Product>
  <Product>
    <Name>Навушники BassMaster</Name>
    <Maker>SoundWave Corp.</Maker>
    <ImportCountry>Іспанія</ImportCountry>
    <BatchSize>10000</BatchSize>
    <Date>25.06.2024</Date>
  </Product>
  <Product>
    <Name>Пральна машина CleanPro 7kg</Name>
    <Maker>HomeAppliances Ltd.</Maker>
    <ImportCountry>Франція</ImportCountry>
    <BatchSize>800</BatchSize>
    <Date>30.01.2024</Date>
  </Product>
  <Product>
    <Name>Холодильник ArcticCool</Name>
    <Maker>CoolHome Inc.</Maker>
    <ImportCountry>Італія</ImportCountry>
    <BatchSize>600</BatchSize>
    <Date>05.07.2024</Date>
  </Product>
  <Product>
    <Name>Кавоварка BrewMaster</Name>
    <Maker>CoffeeTech</Maker>
    <ImportCountry>Чехія</ImportCountry>
    <BatchSize>3000</BatchSize>
    <Date>10.07.2024</Date>
  </Product>
  <Product>
    <Name>Смарт-годинник FitTrack</Name>
    <Maker>FitnessWear</Maker>
    <ImportCountry>Швеція</ImportCountry>
    <BatchSize>7000</BatchSize>
    <Date>15.07.2024</Date>
  </Product>
  <Product>
    <Name>Пилосос PowerClean</Name>
    <Maker>CleanTech</Maker>
    <ImportCountry>Нідерланди</ImportCountry>
    <BatchSize>1200</BatchSize>
    <Date>20.03.2024</Date>
  </Product>
  <Product>
    <Name>Мікрохвильова піч QuickHeat</Name>
    <Maker>HeatWave</Maker>
    <ImportCountry>Бельгія</ImportCountry>
    <BatchSize>1500</BatchSize>
    <Date>25.07.2024</Date>
  </Product>
</root>